year,month,month_start,month_end,incidents,coverage,month_label
2006,1,2006-01-01,2006-01-31,112,complete_calendar_month,Jan
2006,2,2006-02-01,2006-02-28,81,complete_calendar_month,Feb
2006,3,2006-03-01,2006-03-31,79,complete_calendar_month,Mar
2006,4,2006-04-01,2006-04-30,113,complete_calendar_month,Apr
2006,5,2006-05-01,2006-05-31,134,complete_calendar_month,May
2006,6,2006-06-01,2006-06-30,146,complete_calendar_month,Jun
2006,7,2006-07-01,2006-07-31,169,complete_calendar_month,Jul
2006,8,2006-08-01,2006-08-31,177,complete_calendar_month,Aug
2006,9,2006-09-01,2006-09-30,152,complete_calendar_month,Sep
2006,10,2006-10-01,2006-10-31,150,complete_calendar_month,Oct
2006,11,2006-11-01,2006-11-30,121,complete_calendar_month,Nov
2006,12,2006-12-01,2006-12-31,132,complete_calendar_month,Dec
2007,1,2007-01-01,2007-01-31,90,complete_calendar_month,Jan
2007,2,2007-02-01,2007-02-28,62,complete_calendar_month,Feb
2007,3,2007-03-01,2007-03-31,72,complete_calendar_month,Mar
2007,4,2007-04-01,2007-04-30,99,complete_calendar_month,Apr
2007,5,2007-05-01,2007-05-31,162,complete_calendar_month,May
2007,6,2007-06-01,2007-06-30,158,complete_calendar_month,Jun
2007,7,2007-07-01,2007-07-31,164,complete_calendar_month,Jul
2007,8,2007-08-01,2007-08-31,161,complete_calendar_month,Aug
2007,9,2007-09-01,2007-09-30,132,complete_calendar_month,Sep
2007,10,2007-10-01,2007-10-31,148,complete_calendar_month,Oct
2007,11,2007-11-01,2007-11-30,99,complete_calendar_month,Nov
2007,12,2007-12-01,2007-12-31,95,complete_calendar_month,Dec
2008,1,2008-01-01,2008-01-31,99,complete_calendar_month,Jan
2008,2,2008-02-01,2008-02-29,64,complete_calendar_month,Feb
2008,3,2008-03-01,2008-03-31,100,complete_calendar_month,Mar
2008,4,2008-04-01,2008-04-30,121,complete_calendar_month,Apr
2008,5,2008-05-01,2008-05-31,151,complete_calendar_month,May
2008,6,2008-06-01,2008-06-30,151,complete_calendar_month,Jun
2008,7,2008-07-01,2008-07-31,172,complete_calendar_month,Jul
2008,8,2008-08-01,2008-08-31,167,complete_calendar_month,Aug
2008,9,2008-09-01,2008-09-30,151,complete_calendar_month,Sep
2008,10,2008-10-01,2008-10-31,117,complete_calendar_month,Oct
2008,11,2008-11-01,2008-11-30,101,complete_calendar_month,Nov
2008,12,2008-12-01,2008-12-31,126,complete_calendar_month,Dec
2009,1,2009-01-01,2009-01-31,79,complete_calendar_month,Jan
2009,2,2009-02-01,2009-02-28,75,complete_calendar_month,Feb
2009,3,2009-03-01,2009-03-31,86,complete_calendar_month,Mar
2009,4,2009-04-01,2009-04-30,115,complete_calendar_month,Apr
2009,5,2009-05-01,2009-05-31,129,complete_calendar_month,May
2009,6,2009-06-01,2009-06-30,149,complete_calendar_month,Jun
2009,7,2009-07-01,2009-07-31,173,complete_calendar_month,Jul
2009,8,2009-08-01,2009-08-31,170,complete_calendar_month,Aug
2009,9,2009-09-01,2009-09-30,116,complete_calendar_month,Sep
2009,10,2009-10-01,2009-10-31,109,complete_calendar_month,Oct
2009,11,2009-11-01,2009-11-30,122,complete_calendar_month,Nov
2009,12,2009-12-01,2009-12-31,97,complete_calendar_month,Dec
2010,1,2010-01-01,2010-01-31,86,complete_calendar_month,Jan
2010,2,2010-02-01,2010-02-28,83,complete_calendar_month,Feb
2010,3,2010-03-01,2010-03-31,106,complete_calendar_month,Mar
2010,4,2010-04-01,2010-04-30,120,complete_calendar_month,Apr
2010,5,2010-05-01,2010-05-31,121,complete_calendar_month,May
2010,6,2010-06-01,2010-06-30,158,complete_calendar_month,Jun
2010,7,2010-07-01,2010-07-31,168,complete_calendar_month,Jul
2010,8,2010-08-01,2010-08-31,163,complete_calendar_month,Aug
2010,9,2010-09-01,2010-09-30,143,complete_calendar_month,Sep
2010,10,2010-10-01,2010-10-31,109,complete_calendar_month,Oct
2010,11,2010-11-01,2010-11-30,108,complete_calendar_month,Nov
2010,12,2010-12-01,2010-12-31,108,complete_calendar_month,Dec
2011,1,2011-01-01,2011-01-31,83,complete_calendar_month,Jan
2011,2,2011-02-01,2011-02-28,77,complete_calendar_month,Feb
2011,3,2011-03-01,2011-03-31,77,complete_calendar_month,Mar
2011,4,2011-04-01,2011-04-30,109,complete_calendar_month,Apr
2011,5,2011-05-01,2011-05-31,131,complete_calendar_month,May
2011,6,2011-06-01,2011-06-30,126,complete_calendar_month,Jun
2011,7,2011-07-01,2011-07-31,174,complete_calendar_month,Jul
2011,8,2011-08-01,2011-08-31,179,complete_calendar_month,Aug
2011,9,2011-09-01,2011-09-30,168,complete_calendar_month,Sep
2011,10,2011-10-01,2011-10-31,155,complete_calendar_month,Oct
2011,11,2011-11-01,2011-11-30,112,complete_calendar_month,Nov
2011,12,2011-12-01,2011-12-31,119,complete_calendar_month,Dec
2012,1,2012-01-01,2012-01-31,91,complete_calendar_month,Jan
2012,2,2012-02-01,2012-02-29,83,complete_calendar_month,Feb
2012,3,2012-03-01,2012-03-31,104,complete_calendar_month,Mar
2012,4,2012-04-01,2012-04-30,98,complete_calendar_month,Apr
2012,5,2012-05-01,2012-05-31,140,complete_calendar_month,May
2012,6,2012-06-01,2012-06-30,147,complete_calendar_month,Jun
2012,7,2012-07-01,2012-07-31,188,complete_calendar_month,Jul
2012,8,2012-08-01,2012-08-31,135,complete_calendar_month,Aug
2012,9,2012-09-01,2012-09-30,125,complete_calendar_month,Sep
2012,10,2012-10-01,2012-10-31,90,complete_calendar_month,Oct
2012,11,2012-11-01,2012-11-30,87,complete_calendar_month,Nov
2012,12,2012-12-01,2012-12-31,85,complete_calendar_month,Dec
2013,1,2013-01-01,2013-01-31,93,complete_calendar_month,Jan
2013,2,2013-02-01,2013-02-28,50,complete_calendar_month,Feb
2013,3,2013-03-01,2013-03-31,67,complete_calendar_month,Mar
2013,4,2013-04-01,2013-04-30,79,complete_calendar_month,Apr
2013,5,2013-05-01,2013-05-31,78,complete_calendar_month,May
2013,6,2013-06-01,2013-06-30,119,complete_calendar_month,Jun
2013,7,2013-07-01,2013-07-31,112,complete_calendar_month,Jul
2013,8,2013-08-01,2013-08-31,136,complete_calendar_month,Aug
2013,9,2013-09-01,2013-09-30,107,complete_calendar_month,Sep
2013,10,2013-10-01,2013-10-31,101,complete_calendar_month,Oct
2013,11,2013-11-01,2013-11-30,82,complete_calendar_month,Nov
2013,12,2013-12-01,2013-12-31,79,complete_calendar_month,Dec
2014,1,2014-01-01,2014-01-31,77,complete_calendar_month,Jan
2014,2,2014-02-01,2014-02-28,45,complete_calendar_month,Feb
2014,3,2014-03-01,2014-03-31,82,complete_calendar_month,Mar
2014,4,2014-04-01,2014-04-30,87,complete_calendar_month,Apr
2014,5,2014-05-01,2014-05-31,112,complete_calendar_month,May
2014,6,2014-06-01,2014-06-30,121,complete_calendar_month,Jun
2014,7,2014-07-01,2014-07-31,134,complete_calendar_month,Jul
2014,8,2014-08-01,2014-08-31,135,complete_calendar_month,Aug
2014,9,2014-09-01,2014-09-30,96,complete_calendar_month,Sep
2014,10,2014-10-01,2014-10-31,93,complete_calendar_month,Oct
2014,11,2014-11-01,2014-11-30,89,complete_calendar_month,Nov
2014,12,2014-12-01,2014-12-31,101,complete_calendar_month,Dec
2015,1,2015-01-01,2015-01-31,90,complete_calendar_month,Jan
2015,2,2015-02-01,2015-02-28,59,complete_calendar_month,Feb
2015,3,2015-03-01,2015-03-31,69,complete_calendar_month,Mar
2015,4,2015-04-01,2015-04-30,87,complete_calendar_month,Apr
2015,5,2015-05-01,2015-05-31,132,complete_calendar_month,May
2015,6,2015-06-01,2015-06-30,108,complete_calendar_month,Jun
2015,7,2015-07-01,2015-07-31,117,complete_calendar_month,Jul
2015,8,2015-08-01,2015-08-31,122,complete_calendar_month,Aug
2015,9,2015-09-01,2015-09-30,98,complete_calendar_month,Sep
2015,10,2015-10-01,2015-10-31,81,complete_calendar_month,Oct
2015,11,2015-11-01,2015-11-30,80,complete_calendar_month,Nov
2015,12,2015-12-01,2015-12-31,95,complete_calendar_month,Dec
2016,1,2016-01-01,2016-01-31,59,complete_calendar_month,Jan
2016,2,2016-02-01,2016-02-29,61,complete_calendar_month,Feb
2016,3,2016-03-01,2016-03-31,67,complete_calendar_month,Mar
2016,4,2016-04-01,2016-04-30,67,complete_calendar_month,Apr
2016,5,2016-05-01,2016-05-31,86,complete_calendar_month,May
2016,6,2016-06-01,2016-06-30,94,complete_calendar_month,Jun
2016,7,2016-07-01,2016-07-31,97,complete_calendar_month,Jul
2016,8,2016-08-01,2016-08-31,145,complete_calendar_month,Aug
2016,9,2016-09-01,2016-09-30,108,complete_calendar_month,Sep
2016,10,2016-10-01,2016-10-31,84,complete_calendar_month,Oct
2016,11,2016-11-01,2016-11-30,65,complete_calendar_month,Nov
2016,12,2016-12-01,2016-12-31,64,complete_calendar_month,Dec
2017,1,2017-01-01,2017-01-31,58,complete_calendar_month,Jan
2017,2,2017-02-01,2017-02-28,40,complete_calendar_month,Feb
2017,3,2017-03-01,2017-03-31,48,complete_calendar_month,Mar
2017,4,2017-04-01,2017-04-30,68,complete_calendar_month,Apr
2017,5,2017-05-01,2017-05-31,67,complete_calendar_month,May
2017,6,2017-06-01,2017-06-30,79,complete_calendar_month,Jun
2017,7,2017-07-01,2017-07-31,79,complete_calendar_month,Jul
2017,8,2017-08-01,2017-08-31,83,complete_calendar_month,Aug
2017,9,2017-09-01,2017-09-30,79,complete_calendar_month,Sep
2017,10,2017-10-01,2017-10-31,73,complete_calendar_month,Oct
2017,11,2017-11-01,2017-11-30,48,complete_calendar_month,Nov
2017,12,2017-12-01,2017-12-31,67,complete_calendar_month,Dec
2018,1,2018-01-01,2018-01-31,59,complete_calendar_month,Jan
2018,2,2018-02-01,2018-02-28,36,complete_calendar_month,Feb
2018,3,2018-03-01,2018-03-31,46,complete_calendar_month,Mar
2018,4,2018-04-01,2018-04-30,49,complete_calendar_month,Apr
2018,5,2018-05-01,2018-05-31,77,complete_calendar_month,May
2018,6,2018-06-01,2018-06-30,70,complete_calendar_month,Jun
2018,7,2018-07-01,2018-07-31,89,complete_calendar_month,Jul
2018,8,2018-08-01,2018-08-31,76,complete_calendar_month,Aug
2018,9,2018-09-01,2018-09-30,71,complete_calendar_month,Sep
2018,10,2018-10-01,2018-10-31,68,complete_calendar_month,Oct
2018,11,2018-11-01,2018-11-30,55,complete_calendar_month,Nov
2018,12,2018-12-01,2018-12-31,58,complete_calendar_month,Dec
2019,1,2019-01-01,2019-01-31,52,complete_calendar_month,Jan
2019,2,2019-02-01,2019-02-28,42,complete_calendar_month,Feb
2019,3,2019-03-01,2019-03-31,56,complete_calendar_month,Mar
2019,4,2019-04-01,2019-04-30,62,complete_calendar_month,Apr
2019,5,2019-05-01,2019-05-31,61,complete_calendar_month,May
2019,6,2019-06-01,2019-06-30,89,complete_calendar_month,Jun
2019,7,2019-07-01,2019-07-31,88,complete_calendar_month,Jul
2019,8,2019-08-01,2019-08-31,91,complete_calendar_month,Aug
2019,9,2019-09-01,2019-09-30,67,complete_calendar_month,Sep
2019,10,2019-10-01,2019-10-31,62,complete_calendar_month,Oct
2019,11,2019-11-01,2019-11-30,51,complete_calendar_month,Nov
2019,12,2019-12-01,2019-12-31,56,complete_calendar_month,Dec
2020,1,2020-01-01,2020-01-31,66,complete_calendar_month,Jan
2020,2,2020-02-01,2020-02-29,45,complete_calendar_month,Feb
2020,3,2020-03-01,2020-03-31,56,complete_calendar_month,Mar
2020,4,2020-04-01,2020-04-30,56,complete_calendar_month,Apr
2020,5,2020-05-01,2020-05-31,100,complete_calendar_month,May
2020,6,2020-06-01,2020-06-30,205,complete_calendar_month,Jun
2020,7,2020-07-01,2020-07-31,243,complete_calendar_month,Jul
2020,8,2020-08-01,2020-08-31,241,complete_calendar_month,Aug
2020,9,2020-09-01,2020-09-30,150,complete_calendar_month,Sep
2020,10,2020-10-01,2020-10-31,135,complete_calendar_month,Oct
2020,11,2020-11-01,2020-11-30,116,complete_calendar_month,Nov
2020,12,2020-12-01,2020-12-31,119,complete_calendar_month,Dec
2021,1,2021-01-01,2021-01-31,76,complete_calendar_month,Jan
2021,2,2021-02-01,2021-02-28,77,complete_calendar_month,Feb
2021,3,2021-03-01,2021-03-31,99,complete_calendar_month,Mar
2021,4,2021-04-01,2021-04-30,148,complete_calendar_month,Apr
2021,5,2021-05-01,2021-05-31,172,complete_calendar_month,May
2021,6,2021-06-01,2021-06-30,165,complete_calendar_month,Jun
2021,7,2021-07-01,2021-07-31,157,complete_calendar_month,Jul
2021,8,2021-08-01,2021-08-31,165,complete_calendar_month,Aug
2021,9,2021-09-01,2021-09-30,136,complete_calendar_month,Sep
2021,10,2021-10-01,2021-10-31,128,complete_calendar_month,Oct
2021,11,2021-11-01,2021-11-30,119,complete_calendar_month,Nov
2021,12,2021-12-01,2021-12-31,120,complete_calendar_month,Dec
2022,1,2022-01-01,2022-01-31,99,complete_calendar_month,Jan
2022,2,2022-02-01,2022-02-28,75,complete_calendar_month,Feb
2022,3,2022-03-01,2022-03-31,115,complete_calendar_month,Mar
2022,4,2022-04-01,2022-04-30,105,complete_calendar_month,Apr
2022,5,2022-05-01,2022-05-31,117,complete_calendar_month,May
2022,6,2022-06-01,2022-06-30,125,complete_calendar_month,Jun
2022,7,2022-07-01,2022-07-31,175,complete_calendar_month,Jul
2022,8,2022-08-01,2022-08-31,115,complete_calendar_month,Aug
2022,9,2022-09-01,2022-09-30,117,complete_calendar_month,Sep
2022,10,2022-10-01,2022-10-31,86,complete_calendar_month,Oct
2022,11,2022-11-01,2022-11-30,80,complete_calendar_month,Nov
2022,12,2022-12-01,2022-12-31,85,complete_calendar_month,Dec
2023,1,2023-01-01,2023-01-31,74,complete_calendar_month,Jan
2023,2,2023-02-01,2023-02-28,63,complete_calendar_month,Feb
2023,3,2023-03-01,2023-03-31,85,complete_calendar_month,Mar
2023,4,2023-04-01,2023-04-30,71,complete_calendar_month,Apr
2023,5,2023-05-01,2023-05-31,85,complete_calendar_month,May
2023,6,2023-06-01,2023-06-30,104,complete_calendar_month,Jun
2023,7,2023-07-01,2023-07-31,113,complete_calendar_month,Jul
2023,8,2023-08-01,2023-08-31,87,complete_calendar_month,Aug
2023,9,2023-09-01,2023-09-30,77,complete_calendar_month,Sep
2023,10,2023-10-01,2023-10-31,78,complete_calendar_month,Oct
2023,11,2023-11-01,2023-11-30,65,complete_calendar_month,Nov
2023,12,2023-12-01,2023-12-31,72,complete_calendar_month,Dec
2024,1,2024-01-01,2024-01-31,65,complete_calendar_month,Jan
2024,2,2024-02-01,2024-02-29,53,complete_calendar_month,Feb
2024,3,2024-03-01,2024-03-31,64,complete_calendar_month,Mar
2024,4,2024-04-01,2024-04-30,60,complete_calendar_month,Apr
2024,5,2024-05-01,2024-05-31,88,complete_calendar_month,May
2024,6,2024-06-01,2024-06-30,107,complete_calendar_month,Jun
2024,7,2024-07-01,2024-07-31,91,complete_calendar_month,Jul
2024,8,2024-08-01,2024-08-31,74,complete_calendar_month,Aug
2024,9,2024-09-01,2024-09-30,91,complete_calendar_month,Sep
2024,10,2024-10-01,2024-10-31,82,complete_calendar_month,Oct
2024,11,2024-11-01,2024-11-30,68,complete_calendar_month,Nov
2024,12,2024-12-01,2024-12-31,61,complete_calendar_month,Dec
2025,1,2025-01-01,2025-01-31,50,complete_calendar_month,Jan
2025,2,2025-02-01,2025-02-28,42,complete_calendar_month,Feb
2025,3,2025-03-01,2025-03-31,47,complete_calendar_month,Mar
2025,4,2025-04-01,2025-04-30,70,complete_calendar_month,Apr
2025,5,2025-05-01,2025-05-31,53,complete_calendar_month,May
2025,6,2025-06-01,2025-06-30,75,complete_calendar_month,Jun
2025,7,2025-07-01,2025-07-31,75,complete_calendar_month,Jul
2025,8,2025-08-01,2025-08-31,77,complete_calendar_month,Aug
2025,9,2025-09-01,2025-09-30,64,complete_calendar_month,Sep
2025,10,2025-10-01,2025-10-31,45,complete_calendar_month,Oct
2025,11,2025-11-01,2025-11-30,55,complete_calendar_month,Nov
2025,12,2025-12-01,2025-12-31,35,complete_calendar_month,Dec
2026,1,2026-01-01,2026-01-31,40,verified_through_2026-06-30,Jan
2026,2,2026-02-01,2026-02-28,41,verified_through_2026-06-30,Feb
2026,3,2026-03-01,2026-03-31,59,verified_through_2026-06-30,Mar
2026,4,2026-04-01,2026-04-30,57,verified_through_2026-06-30,Apr
2026,5,2026-05-01,2026-05-31,50,verified_through_2026-06-30,May
2026,6,2026-06-01,2026-06-30,75,verified_through_2026-06-30,Jun
