date,monthly_encounters,month,fiscal_year,calendar_year,days_in_month,average_daily_encounters,source_release,definition_flag,series
2023-10-01,186062,10,2024,2023,31,6002,nationwide-fy2024.html,at_entry_excludes_at_large_pre_oct2023_equivalence_unresolved,At entry sensitivity
2023-11-01,188667,11,2024,2023,30,6288.9,nationwide-fy2024.html,at_entry_excludes_at_large_pre_oct2023_equivalence_unresolved,At entry sensitivity
2023-12-01,245275,12,2024,2023,31,7912.096774193548,nationwide-fy2024.html,at_entry_excludes_at_large_pre_oct2023_equivalence_unresolved,At entry sensitivity
2024-01-01,122346,1,2024,2024,31,3946.6451612903224,nationwide-fy2024.html,at_entry_excludes_at_large_pre_oct2023_equivalence_unresolved,At entry sensitivity
2024-02-01,138236,2,2024,2024,29,4766.758620689655,nationwide-fy2024.html,at_entry_excludes_at_large_pre_oct2023_equivalence_unresolved,At entry sensitivity
2024-03-01,135044,3,2024,2024,31,4356.258064516129,nationwide-fy2024.html,at_entry_excludes_at_large_pre_oct2023_equivalence_unresolved,At entry sensitivity
2024-04-01,126361,4,2024,2024,30,4212.033333333334,nationwide-fy2024.html,at_entry_excludes_at_large_pre_oct2023_equivalence_unresolved,At entry sensitivity
2024-05-01,115866,5,2024,2024,31,3737.6129032258063,nationwide-fy2024.html,at_entry_excludes_at_large_pre_oct2023_equivalence_unresolved,At entry sensitivity
2024-06-01,82074,6,2024,2024,30,2735.8,nationwide-fy2024.html,at_entry_excludes_at_large_pre_oct2023_equivalence_unresolved,At entry sensitivity
2024-07-01,55286,7,2024,2024,31,1783.4193548387098,nationwide-fy2024.html,at_entry_excludes_at_large_pre_oct2023_equivalence_unresolved,At entry sensitivity
2024-08-01,56676,8,2024,2024,31,1828.258064516129,nationwide-fy2024.html,at_entry_excludes_at_large_pre_oct2023_equivalence_unresolved,At entry sensitivity
2024-09-01,52567,9,2024,2024,30,1752.2333333333333,nationwide-fy2024.html,at_entry_excludes_at_large_pre_oct2023_equivalence_unresolved,At entry sensitivity
2024-10-01,55250,10,2025,2024,31,1782.258064516129,nationwide-fy2025.html,at_entry_excludes_at_large_pre_oct2023_equivalence_unresolved,At entry sensitivity
2024-11-01,45514,11,2025,2024,30,1517.1333333333334,nationwide-fy2025.html,at_entry_excludes_at_large_pre_oct2023_equivalence_unresolved,At entry sensitivity
2024-12-01,46343,12,2025,2024,31,1494.9354838709678,nationwide-fy2025.html,at_entry_excludes_at_large_pre_oct2023_equivalence_unresolved,At entry sensitivity
2025-01-01,28167,1,2025,2025,31,908.6129032258065,nationwide-fy2025.html,at_entry_excludes_at_large_pre_oct2023_equivalence_unresolved,At entry sensitivity
2025-02-01,7695,2,2025,2025,28,274.82142857142856,nationwide-fy2025.html,at_entry_excludes_at_large_pre_oct2023_equivalence_unresolved,At entry sensitivity
2025-03-01,6349,3,2025,2025,31,204.80645161290323,nationwide-fy2025.html,at_entry_excludes_at_large_pre_oct2023_equivalence_unresolved,At entry sensitivity
2025-04-01,7482,4,2025,2025,30,249.4,nationwide-fy2025.html,at_entry_excludes_at_large_pre_oct2023_equivalence_unresolved,At entry sensitivity
2025-05-01,7938,5,2025,2025,31,256.06451612903226,nationwide-fy2025.html,at_entry_excludes_at_large_pre_oct2023_equivalence_unresolved,At entry sensitivity
2025-06-01,5314,6,2025,2025,30,177.13333333333333,nationwide-fy2025.html,at_entry_excludes_at_large_pre_oct2023_equivalence_unresolved,At entry sensitivity
2025-07-01,3810,7,2025,2025,31,122.90322580645162,nationwide-fy2025.html,at_entry_excludes_at_large_pre_oct2023_equivalence_unresolved,At entry sensitivity
2025-08-01,5283,8,2025,2025,31,170.41935483870967,nationwide-fy2025.html,at_entry_excludes_at_large_pre_oct2023_equivalence_unresolved,At entry sensitivity
2025-09-01,7126,9,2025,2025,30,237.53333333333333,nationwide-fy2025.html,at_entry_excludes_at_large_pre_oct2023_equivalence_unresolved,At entry sensitivity
2025-10-01,6588,10,2026,2025,31,212.51612903225808,nationwide.html,at_entry_excludes_at_large_pre_oct2023_equivalence_unresolved,At entry sensitivity
2025-11-01,5994,11,2026,2025,30,199.8,nationwide.html,at_entry_excludes_at_large_pre_oct2023_equivalence_unresolved,At entry sensitivity
2025-12-01,5214,12,2026,2025,31,168.19354838709677,nationwide.html,at_entry_excludes_at_large_pre_oct2023_equivalence_unresolved,At entry sensitivity
2026-01-01,4971,1,2026,2026,31,160.3548387096774,nationwide.html,at_entry_excludes_at_large_pre_oct2023_equivalence_unresolved,At entry sensitivity
2026-02-01,5566,2,2026,2026,28,198.78571428571428,nationwide.html,at_entry_excludes_at_large_pre_oct2023_equivalence_unresolved,At entry sensitivity
2026-03-01,7105,3,2026,2026,31,229.19354838709677,nationwide.html,at_entry_excludes_at_large_pre_oct2023_equivalence_unresolved,At entry sensitivity
2026-04-01,7645,4,2026,2026,30,254.83333333333334,nationwide.html,at_entry_excludes_at_large_pre_oct2023_equivalence_unresolved,At entry sensitivity
2026-05-01,8603,5,2026,2026,31,277.51612903225805,nationwide.html,at_entry_excludes_at_large_pre_oct2023_equivalence_unresolved,At entry sensitivity
2026-06-01,8508,6,2026,2026,30,283.6,nationwide.html,at_entry_excludes_at_large_pre_oct2023_equivalence_unresolved,At entry sensitivity
2026-07-01,8065,7,2026,2026,31,260.16129032258067,nationwide.html,at_entry_excludes_at_large_pre_oct2023_equivalence_unresolved,At entry sensitivity
2026-08-01,7624,8,2026,2026,31,245.93548387096774,nationwide.html,at_entry_excludes_at_large_pre_oct2023_equivalence_unresolved,At entry sensitivity
