fiscal_year,month,monthly_encounters,fiscal_total,pdf_page
2017,10,46184,303916,18
2017,11,47211,303916,18
2017,12,43251,303916,18
2017,1,31576,303916,18
2017,2,18754,303916,18
2017,3,12195,303916,18
2017,4,11127,303916,18
2017,5,14519,303916,18
2017,6,16087,303916,18
2017,7,18187,303916,18
2017,8,22288,303916,18
2017,9,22537,303916,18
2018,10,25488,396579,19
2018,11,29085,396579,19
2018,12,28995,396579,19
2018,1,25975,396579,19
2018,2,26666,396579,19
2018,3,37390,396579,19
2018,4,38243,396579,19
2018,5,40339,396579,19
2018,6,34089,396579,19
2018,7,31299,396579,19
2018,8,37524,396579,19
2018,9,41486,396579,19
