fiscal_year,month,date,monthly_encounters_html,source_release,rank,monthly_encounters_pdf,fiscal_total,pdf_page
2017,10,2016-10-01,46184,CBP FY2017 monthly HTML,0,46184,303916,18
2017,11,2016-11-01,47211,CBP FY2017 monthly HTML,0,47211,303916,18
2017,12,2016-12-01,43251,CBP FY2017 monthly HTML,0,43251,303916,18
2017,1,2017-01-01,31576,CBP FY2017 monthly HTML,0,31576,303916,18
2017,2,2017-02-01,18754,CBP FY2017 monthly HTML,0,18754,303916,18
2017,3,2017-03-01,12195,CBP FY2017 monthly HTML,0,12195,303916,18
2017,4,2017-04-01,11127,CBP FY2017 monthly HTML,0,11127,303916,18
2017,5,2017-05-01,14519,CBP FY2017 monthly HTML,0,14519,303916,18
2017,6,2017-06-01,16087,CBP FY2017 monthly HTML,0,16087,303916,18
2017,7,2017-07-01,18187,CBP FY2017 monthly HTML,0,18187,303916,18
2017,8,2017-08-01,22288,CBP FY2017 monthly HTML,0,22288,303916,18
2017,9,2017-09-01,22537,CBP FY2017 monthly HTML,0,22537,303916,18
2018,10,2017-10-01,25488,CBP FY2018 monthly HTML,0,25488,396579,19
2018,11,2017-11-01,29085,CBP FY2018 monthly HTML,0,29085,396579,19
2018,12,2017-12-01,28995,CBP FY2018 monthly HTML,0,28995,396579,19
2018,1,2018-01-01,25975,CBP FY2018 monthly HTML,0,25975,396579,19
2018,2,2018-02-01,26666,CBP FY2018 monthly HTML,0,26666,396579,19
2018,3,2018-03-01,37390,CBP FY2018 monthly HTML,0,37390,396579,19
2018,4,2018-04-01,38243,CBP FY2018 monthly HTML,0,38243,396579,19
2018,5,2018-05-01,40339,CBP FY2018 monthly HTML,0,40339,396579,19
2018,6,2018-06-01,34089,CBP FY2018 monthly HTML,0,34089,396579,19
2018,7,2018-07-01,31299,CBP FY2018 monthly HTML,0,31299,396579,19
2018,8,2018-08-01,37524,CBP FY2018 monthly HTML,0,37524,396579,19
2018,9,2018-09-01,41486,CBP FY2018 monthly HTML,0,41486,396579,19
