date,total,at_large,at_entry,days_in_month,total_daily,at_entry_daily,difference_daily
2023-10-01,188749,2687,186062,31,6088.677419354839,6002,86.6774193548387
2023-11-01,191106,2439,188667,30,6370.2,6288.9,81.3
2023-12-01,249740,4465,245275,31,8056.129032258064,7912.096774193548,144.03225806451613
2024-01-01,124215,1869,122346,31,4006.935483870968,3946.6451612903224,60.29032258064516
2024-02-01,140641,2405,138236,29,4849.689655172414,4766.758620689655,82.93103448275862
2024-03-01,137473,2429,135044,31,4434.612903225807,4356.258064516129,78.35483870967742
2024-04-01,128895,2534,126361,30,4296.5,4212.033333333334,84.46666666666667
2024-05-01,117905,2039,115866,31,3803.3870967741937,3737.6129032258063,65.7741935483871
2024-06-01,83532,1458,82074,30,2784.4,2735.8,48.6
2024-07-01,56400,1114,55286,31,1819.3548387096773,1783.4193548387098,35.935483870967744
2024-08-01,58009,1333,56676,31,1871.258064516129,1828.258064516129,43
2024-09-01,53858,1291,52567,30,1795.2666666666667,1752.2333333333333,43.03333333333333
2024-10-01,56515,1265,55250,31,1823.0645161290322,1782.258064516129,40.806451612903224
2024-11-01,46609,1095,45514,30,1553.6333333333334,1517.1333333333334,36.5
2024-12-01,47320,977,46343,31,1526.4516129032259,1494.9354838709678,31.516129032258064
2025-01-01,29105,938,28167,31,938.8709677419355,908.6129032258065,30.258064516129032
2025-02-01,8349,654,7695,28,298.17857142857144,274.82142857142856,23.357142857142858
2025-03-01,7179,830,6349,31,231.58064516129033,204.80645161290323,26.774193548387096
2025-04-01,8376,894,7482,30,279.2,249.4,29.8
2025-05-01,8724,786,7938,31,281.4193548387097,256.06451612903226,25.35483870967742
2025-06-01,6066,752,5314,30,202.2,177.13333333333333,25.066666666666666
2025-07-01,4592,782,3810,31,148.1290322580645,122.90322580645162,25.225806451612904
2025-08-01,6317,1034,5283,31,203.7741935483871,170.41935483870967,33.354838709677416
2025-09-01,8386,1260,7126,30,279.53333333333336,237.53333333333333,42
2025-10-01,7988,1400,6588,31,257.6774193548387,212.51612903225808,45.16129032258065
2025-11-01,7353,1359,5994,30,245.1,199.8,45.3
2025-12-01,6476,1262,5214,31,208.90322580645162,168.19354838709677,40.70967741935484
2026-01-01,6076,1105,4971,31,196,160.3548387096774,35.645161290322584
2026-02-01,6599,1033,5566,28,235.67857142857142,198.78571428571428,36.892857142857146
2026-03-01,8270,1165,7105,31,266.7741935483871,229.19354838709677,37.58064516129032
2026-04-01,8966,1321,7645,30,298.8666666666667,254.83333333333334,44.03333333333333
2026-05-01,10011,1408,8603,31,322.93548387096774,277.51612903225805,45.41935483870968
2026-06-01,9855,1347,8508,30,328.5,283.6,44.9
2026-07-01,9296,1231,8065,31,299.8709677419355,260.16129032258067,39.70967741935484
2026-08-01,8870,1246,7624,31,286.1290322580645,245.93548387096774,40.193548387096776
