fiscal_year,month,monthly_encounters,title42,date,source_release,rank,previous,revision
2020,10,35402,0,2019-10-01,fy20-fy23-aor.csv,1,NA,NA
2020,11,33524,0,2019-11-01,fy20-fy23-aor.csv,1,NA,NA
2020,12,32853,0,2019-12-01,fy20-fy23-aor.csv,1,NA,NA
2020,1,29205,0,2020-01-01,fy20-fy23-aor.csv,1,NA,NA
2020,2,30077,0,2020-02-01,fy20-fy23-aor.csv,1,NA,NA
2020,3,30389,7081,2020-03-01,fy20-fy23-aor.csv,1,NA,NA
2020,4,16182,15003,2020-04-01,fy20-fy23-aor.csv,1,NA,NA
2020,5,21593,20044,2020-05-01,fy20-fy23-aor.csv,1,NA,NA
2020,6,30836,28470,2020-06-01,fy20-fy23-aor.csv,1,NA,NA
2020,7,38536,35376,2020-07-01,fy20-fy23-aor.csv,1,NA,NA
2020,8,47283,42742,2020-08-01,fy20-fy23-aor.csv,1,NA,NA
2020,9,54771,48327,2020-09-01,fy20-fy23-aor.csv,1,NA,NA
2021,10,69032,62991,2020-10-01,fy20-fy23-aor.csv,1,NA,NA
2021,10,69032,62991,2020-10-01,fy21-fy24-aor.csv,2,69032,0
2021,11,69169,61288,2020-11-01,fy20-fy23-aor.csv,1,NA,NA
2021,11,69169,61288,2020-11-01,fy21-fy24-aor.csv,2,69169,0
2021,12,71141,60595,2020-12-01,fy20-fy23-aor.csv,1,NA,NA
2021,12,71141,60595,2020-12-01,fy21-fy24-aor.csv,2,71141,0
2021,1,75316,62529,2021-01-01,fy20-fy23-aor.csv,1,NA,NA
2021,1,75316,62529,2021-01-01,fy21-fy24-aor.csv,2,75316,0
2021,2,97643,72318,2021-02-01,fy20-fy23-aor.csv,1,NA,NA
2021,2,97643,72318,2021-02-01,fy21-fy24-aor.csv,2,97643,0
2021,3,169216,107246,2021-03-01,fy20-fy23-aor.csv,1,NA,NA
2021,3,169216,107246,2021-03-01,fy21-fy24-aor.csv,2,169216,0
2021,4,173699,110839,2021-04-01,fy20-fy23-aor.csv,1,NA,NA
2021,4,173699,110839,2021-04-01,fy21-fy24-aor.csv,2,173699,0
2021,5,172654,111489,2021-05-01,fy20-fy23-aor.csv,1,NA,NA
2021,5,172654,111489,2021-05-01,fy21-fy24-aor.csv,2,172654,0
2021,6,178649,103035,2021-06-01,fy20-fy23-aor.csv,1,NA,NA
2021,6,178649,103035,2021-06-01,fy21-fy24-aor.csv,2,178649,0
2021,7,200658,94215,2021-07-01,fy20-fy23-aor.csv,1,NA,NA
2021,7,200658,94215,2021-07-01,fy21-fy24-aor.csv,2,200658,0
2021,8,196514,93117,2021-08-01,fy20-fy23-aor.csv,1,NA,NA
2021,8,196514,93117,2021-08-01,fy21-fy24-aor.csv,2,196514,0
2021,9,185515,100558,2021-09-01,fy20-fy23-aor.csv,1,NA,NA
2021,9,185515,100558,2021-09-01,fy21-fy24-aor.csv,2,185515,0
2022,10,159113,92686,2021-10-01,fy20-fy23-aor.csv,1,NA,NA
2022,10,159113,92686,2021-10-01,fy21-fy24-aor.csv,2,159113,0
2022,10,159113,92686,2021-10-01,fy22-fy25-aor.csv,3,159113,0
2022,11,167015,87850,2021-11-01,fy20-fy23-aor.csv,1,NA,NA
2022,11,167015,87850,2021-11-01,fy21-fy24-aor.csv,2,167015,0
2022,11,167015,87850,2021-11-01,fy22-fy25-aor.csv,3,167015,0
2022,12,170602,79842,2021-12-01,fy20-fy23-aor.csv,1,NA,NA
2022,12,170602,79842,2021-12-01,fy21-fy24-aor.csv,2,170602,0
2022,12,170602,79842,2021-12-01,fy22-fy25-aor.csv,3,170602,0
2022,1,147877,77525,2022-01-01,fy20-fy23-aor.csv,1,NA,NA
2022,1,147877,77525,2022-01-01,fy21-fy24-aor.csv,2,147877,0
2022,1,147877,77525,2022-01-01,fy22-fy25-aor.csv,3,147877,0
2022,2,159170,90882,2022-02-01,fy20-fy23-aor.csv,1,NA,NA
2022,2,159170,90882,2022-02-01,fy21-fy24-aor.csv,2,159170,0
2022,2,159170,90882,2022-02-01,fy22-fy25-aor.csv,3,159170,0
2022,3,211181,109680,2022-03-01,fy20-fy23-aor.csv,1,NA,NA
2022,3,211181,109680,2022-03-01,fy21-fy24-aor.csv,2,211181,0
2022,3,211181,109680,2022-03-01,fy22-fy25-aor.csv,3,211181,0
2022,4,203504,98324,2022-04-01,fy20-fy23-aor.csv,1,NA,NA
2022,4,203504,98324,2022-04-01,fy21-fy24-aor.csv,2,203504,0
2022,4,203504,98324,2022-04-01,fy22-fy25-aor.csv,3,203504,0
2022,5,224370,103597,2022-05-01,fy20-fy23-aor.csv,1,NA,NA
2022,5,224370,103597,2022-05-01,fy21-fy24-aor.csv,2,224370,0
2022,5,224370,103597,2022-05-01,fy22-fy25-aor.csv,3,224370,0
2022,6,192399,92791,2022-06-01,fy20-fy23-aor.csv,1,NA,NA
2022,6,192399,92791,2022-06-01,fy21-fy24-aor.csv,2,192399,0
2022,6,192399,92791,2022-06-01,fy22-fy25-aor.csv,3,192399,0
2022,7,181834,75756,2022-07-01,fy20-fy23-aor.csv,1,NA,NA
2022,7,181834,75756,2022-07-01,fy21-fy24-aor.csv,2,181834,0
2022,7,181834,75756,2022-07-01,fy22-fy25-aor.csv,3,181834,0
2022,8,181774,72679,2022-08-01,fy20-fy23-aor.csv,1,NA,NA
2022,8,181774,72679,2022-08-01,fy21-fy24-aor.csv,2,181774,0
2022,8,181774,72679,2022-08-01,fy22-fy25-aor.csv,3,181774,0
2022,9,207597,72472,2022-09-01,fy20-fy23-aor.csv,1,NA,NA
2022,9,207597,72472,2022-09-01,fy21-fy24-aor.csv,2,207597,0
2022,9,207597,72472,2022-09-01,fy22-fy25-aor.csv,3,207597,0
2023,10,205134,80054,2022-10-01,fy20-fy23-aor.csv,1,NA,NA
2023,10,205134,80054,2022-10-01,fy21-fy24-aor.csv,2,205134,0
2023,10,205134,80054,2022-10-01,fy22-fy25-aor.csv,3,205134,0
2023,10,205134,80054,2022-10-01,latest-aor.csv,4,205134,0
2023,11,207680,69071,2022-11-01,fy20-fy23-aor.csv,1,NA,NA
2023,11,207680,69071,2022-11-01,fy21-fy24-aor.csv,2,207680,0
2023,11,207680,69071,2022-11-01,fy22-fy25-aor.csv,3,207680,0
2023,11,207680,69071,2022-11-01,latest-aor.csv,4,207680,0
2023,12,222018,51356,2022-12-01,fy20-fy23-aor.csv,1,NA,NA
2023,12,222018,51356,2022-12-01,fy21-fy24-aor.csv,2,222018,0
2023,12,222018,51356,2022-12-01,fy22-fy25-aor.csv,3,222018,0
2023,12,222018,51356,2022-12-01,latest-aor.csv,4,222018,0
2023,1,129513,66508,2023-01-01,fy20-fy23-aor.csv,1,NA,NA
2023,1,129513,66508,2023-01-01,fy21-fy24-aor.csv,2,129513,0
2023,1,129513,66508,2023-01-01,fy22-fy25-aor.csv,3,129513,0
2023,1,129513,66508,2023-01-01,latest-aor.csv,4,129513,0
2023,2,130521,76143,2023-02-01,fy20-fy23-aor.csv,1,NA,NA
2023,2,130521,76143,2023-02-01,fy21-fy24-aor.csv,2,130521,0
2023,2,130521,76143,2023-02-01,fy22-fy25-aor.csv,3,130521,0
2023,2,130521,76143,2023-02-01,latest-aor.csv,4,130521,0
2023,3,163672,90993,2023-03-01,fy20-fy23-aor.csv,1,NA,NA
2023,3,163672,90993,2023-03-01,fy21-fy24-aor.csv,2,163672,0
2023,3,163672,90993,2023-03-01,fy22-fy25-aor.csv,3,163672,0
2023,3,163672,90993,2023-03-01,latest-aor.csv,4,163672,0
2023,4,183921,84065,2023-04-01,fy20-fy23-aor.csv,1,NA,NA
2023,4,183921,84065,2023-04-01,fy21-fy24-aor.csv,2,183921,0
2023,4,183921,84065,2023-04-01,fy22-fy25-aor.csv,3,183921,0
2023,4,183921,84065,2023-04-01,latest-aor.csv,4,183921,0
2023,5,171382,31581,2023-05-01,fy20-fy23-aor.csv,1,NA,NA
2023,5,171382,31581,2023-05-01,fy21-fy24-aor.csv,2,171382,0
2023,5,171382,31581,2023-05-01,fy22-fy25-aor.csv,3,171382,0
2023,5,171382,31581,2023-05-01,latest-aor.csv,4,171382,0
2023,6,99538,0,2023-06-01,fy20-fy23-aor.csv,1,NA,NA
2023,6,99538,0,2023-06-01,fy21-fy24-aor.csv,2,99538,0
2023,6,99538,0,2023-06-01,fy22-fy25-aor.csv,3,99538,0
2023,6,99538,0,2023-06-01,latest-aor.csv,4,99538,0
2023,7,132642,0,2023-07-01,fy20-fy23-aor.csv,1,NA,NA
2023,7,132642,0,2023-07-01,fy21-fy24-aor.csv,2,132642,0
2023,7,132642,0,2023-07-01,fy22-fy25-aor.csv,3,132642,0
2023,7,132642,0,2023-07-01,latest-aor.csv,4,132642,0
2023,8,181054,0,2023-08-01,fy20-fy23-aor.csv,1,NA,NA
2023,8,181054,0,2023-08-01,fy21-fy24-aor.csv,2,181054,0
2023,8,181054,0,2023-08-01,fy22-fy25-aor.csv,3,181054,0
2023,8,181054,0,2023-08-01,latest-aor.csv,4,181054,0
2023,9,218763,0,2023-09-01,fy20-fy23-aor.csv,1,NA,NA
2023,9,218763,0,2023-09-01,fy21-fy24-aor.csv,2,218763,0
2023,9,218763,0,2023-09-01,fy22-fy25-aor.csv,3,218763,0
2023,9,218763,0,2023-09-01,latest-aor.csv,4,218763,0
2024,10,188749,0,2023-10-01,fy21-fy24-aor.csv,2,NA,NA
2024,10,188749,0,2023-10-01,fy22-fy25-aor.csv,3,188749,0
2024,10,188749,0,2023-10-01,latest-aor.csv,4,188749,0
2024,11,191106,0,2023-11-01,fy21-fy24-aor.csv,2,NA,NA
2024,11,191106,0,2023-11-01,fy22-fy25-aor.csv,3,191106,0
2024,11,191106,0,2023-11-01,latest-aor.csv,4,191106,0
2024,12,249740,0,2023-12-01,fy21-fy24-aor.csv,2,NA,NA
2024,12,249740,0,2023-12-01,fy22-fy25-aor.csv,3,249740,0
2024,12,249740,0,2023-12-01,latest-aor.csv,4,249740,0
2024,1,124215,0,2024-01-01,fy21-fy24-aor.csv,2,NA,NA
2024,1,124215,0,2024-01-01,fy22-fy25-aor.csv,3,124215,0
2024,1,124215,0,2024-01-01,latest-aor.csv,4,124215,0
2024,2,140641,0,2024-02-01,fy21-fy24-aor.csv,2,NA,NA
2024,2,140641,0,2024-02-01,fy22-fy25-aor.csv,3,140641,0
2024,2,140641,0,2024-02-01,latest-aor.csv,4,140641,0
2024,3,137473,0,2024-03-01,fy21-fy24-aor.csv,2,NA,NA
2024,3,137473,0,2024-03-01,fy22-fy25-aor.csv,3,137473,0
2024,3,137473,0,2024-03-01,latest-aor.csv,4,137473,0
2024,4,128895,0,2024-04-01,fy21-fy24-aor.csv,2,NA,NA
2024,4,128895,0,2024-04-01,fy22-fy25-aor.csv,3,128895,0
2024,4,128895,0,2024-04-01,latest-aor.csv,4,128895,0
2024,5,117905,0,2024-05-01,fy21-fy24-aor.csv,2,NA,NA
2024,5,117905,0,2024-05-01,fy22-fy25-aor.csv,3,117905,0
2024,5,117905,0,2024-05-01,latest-aor.csv,4,117905,0
2024,6,83532,0,2024-06-01,fy21-fy24-aor.csv,2,NA,NA
2024,6,83532,0,2024-06-01,fy22-fy25-aor.csv,3,83532,0
2024,6,83532,0,2024-06-01,latest-aor.csv,4,83532,0
2024,7,56400,0,2024-07-01,fy21-fy24-aor.csv,2,NA,NA
2024,7,56400,0,2024-07-01,fy22-fy25-aor.csv,3,56400,0
2024,7,56400,0,2024-07-01,latest-aor.csv,4,56400,0
2024,8,58009,0,2024-08-01,fy21-fy24-aor.csv,2,NA,NA
2024,8,58009,0,2024-08-01,fy22-fy25-aor.csv,3,58009,0
2024,8,58009,0,2024-08-01,latest-aor.csv,4,58009,0
2024,9,53858,0,2024-09-01,fy21-fy24-aor.csv,2,NA,NA
2024,9,53858,0,2024-09-01,fy22-fy25-aor.csv,3,53858,0
2024,9,53858,0,2024-09-01,latest-aor.csv,4,53858,0
2025,10,56515,0,2024-10-01,fy22-fy25-aor.csv,3,NA,NA
2025,10,56515,0,2024-10-01,latest-aor.csv,4,56515,0
2025,11,46609,0,2024-11-01,fy22-fy25-aor.csv,3,NA,NA
2025,11,46609,0,2024-11-01,latest-aor.csv,4,46609,0
2025,12,47320,0,2024-12-01,fy22-fy25-aor.csv,3,NA,NA
2025,12,47320,0,2024-12-01,latest-aor.csv,4,47320,0
2025,1,29105,0,2025-01-01,fy22-fy25-aor.csv,3,NA,NA
2025,1,29105,0,2025-01-01,latest-aor.csv,4,29105,0
2025,2,8349,0,2025-02-01,fy22-fy25-aor.csv,3,NA,NA
2025,2,8349,0,2025-02-01,latest-aor.csv,4,8349,0
2025,3,7179,0,2025-03-01,fy22-fy25-aor.csv,3,NA,NA
2025,3,7179,0,2025-03-01,latest-aor.csv,4,7179,0
2025,4,8376,0,2025-04-01,fy22-fy25-aor.csv,3,NA,NA
2025,4,8376,0,2025-04-01,latest-aor.csv,4,8376,0
2025,5,8724,0,2025-05-01,fy22-fy25-aor.csv,3,NA,NA
2025,5,8724,0,2025-05-01,latest-aor.csv,4,8724,0
2025,6,6066,0,2025-06-01,fy22-fy25-aor.csv,3,NA,NA
2025,6,6066,0,2025-06-01,latest-aor.csv,4,6066,0
2025,7,4592,0,2025-07-01,fy22-fy25-aor.csv,3,NA,NA
2025,7,4592,0,2025-07-01,latest-aor.csv,4,4592,0
2025,8,6317,0,2025-08-01,fy22-fy25-aor.csv,3,NA,NA
2025,8,6317,0,2025-08-01,latest-aor.csv,4,6317,0
2025,9,8386,0,2025-09-01,fy22-fy25-aor.csv,3,NA,NA
2025,9,8386,0,2025-09-01,latest-aor.csv,4,8386,0
2026,10,7988,0,2025-10-01,latest-aor.csv,4,NA,NA
2026,11,7353,0,2025-11-01,latest-aor.csv,4,NA,NA
2026,12,6476,0,2025-12-01,latest-aor.csv,4,NA,NA
2026,1,6076,0,2026-01-01,latest-aor.csv,4,NA,NA
2026,2,6599,0,2026-02-01,latest-aor.csv,4,NA,NA
2026,3,8270,0,2026-03-01,latest-aor.csv,4,NA,NA
2026,4,8966,0,2026-04-01,latest-aor.csv,4,NA,NA
2026,5,10011,0,2026-05-01,latest-aor.csv,4,NA,NA
2026,6,9855,0,2026-06-01,latest-aor.csv,4,NA,NA
2026,7,9296,0,2026-07-01,latest-aor.csv,4,NA,NA
2026,8,8870,0,2026-08-01,latest-aor.csv,4,NA,NA
