date,at_large,at_entry,status
2017-01-01,NA,NA,"Split unavailable: interior exclusion unestablished, difference unknown"
2017-02-01,NA,NA,"Split unavailable: interior exclusion unestablished, difference unknown"
2017-03-01,NA,NA,"Split unavailable: interior exclusion unestablished, difference unknown"
2017-04-01,NA,NA,"Split unavailable: interior exclusion unestablished, difference unknown"
2017-05-01,NA,NA,"Split unavailable: interior exclusion unestablished, difference unknown"
2017-06-01,NA,NA,"Split unavailable: interior exclusion unestablished, difference unknown"
2017-07-01,NA,NA,"Split unavailable: interior exclusion unestablished, difference unknown"
2017-08-01,NA,NA,"Split unavailable: interior exclusion unestablished, difference unknown"
2017-09-01,NA,NA,"Split unavailable: interior exclusion unestablished, difference unknown"
2017-10-01,NA,NA,"Split unavailable: interior exclusion unestablished, difference unknown"
2017-11-01,NA,NA,"Split unavailable: interior exclusion unestablished, difference unknown"
2017-12-01,NA,NA,"Split unavailable: interior exclusion unestablished, difference unknown"
2018-01-01,NA,NA,"Split unavailable: interior exclusion unestablished, difference unknown"
2018-02-01,NA,NA,"Split unavailable: interior exclusion unestablished, difference unknown"
2018-03-01,NA,NA,"Split unavailable: interior exclusion unestablished, difference unknown"
2018-04-01,NA,NA,"Split unavailable: interior exclusion unestablished, difference unknown"
2018-05-01,NA,NA,"Split unavailable: interior exclusion unestablished, difference unknown"
2018-06-01,NA,NA,"Split unavailable: interior exclusion unestablished, difference unknown"
2018-07-01,NA,NA,"Split unavailable: interior exclusion unestablished, difference unknown"
2018-08-01,NA,NA,"Split unavailable: interior exclusion unestablished, difference unknown"
2018-09-01,NA,NA,"Split unavailable: interior exclusion unestablished, difference unknown"
2018-10-01,NA,NA,"Split unavailable: interior exclusion unestablished, difference unknown"
2018-11-01,NA,NA,"Split unavailable: interior exclusion unestablished, difference unknown"
2018-12-01,NA,NA,"Split unavailable: interior exclusion unestablished, difference unknown"
2019-01-01,NA,NA,"Split unavailable: interior exclusion unestablished, difference unknown"
2019-02-01,NA,NA,"Split unavailable: interior exclusion unestablished, difference unknown"
2019-03-01,NA,NA,"Split unavailable: interior exclusion unestablished, difference unknown"
2019-04-01,NA,NA,"Split unavailable: interior exclusion unestablished, difference unknown"
2019-05-01,NA,NA,"Split unavailable: interior exclusion unestablished, difference unknown"
2019-06-01,NA,NA,"Split unavailable: interior exclusion unestablished, difference unknown"
2019-07-01,NA,NA,"Split unavailable: interior exclusion unestablished, difference unknown"
2019-08-01,NA,NA,"Split unavailable: interior exclusion unestablished, difference unknown"
2019-09-01,NA,NA,"Split unavailable: interior exclusion unestablished, difference unknown"
2019-10-01,NA,NA,"Split unavailable: interior exclusion unestablished, difference unknown"
2019-11-01,NA,NA,"Split unavailable: interior exclusion unestablished, difference unknown"
2019-12-01,NA,NA,"Split unavailable: interior exclusion unestablished, difference unknown"
2020-01-01,NA,NA,"Split unavailable: interior exclusion unestablished, difference unknown"
2020-02-01,NA,NA,"Split unavailable: interior exclusion unestablished, difference unknown"
2020-03-01,NA,NA,"Split unavailable: interior exclusion unestablished, difference unknown"
2020-04-01,NA,NA,"Split unavailable: interior exclusion unestablished, difference unknown"
2020-05-01,NA,NA,"Split unavailable: interior exclusion unestablished, difference unknown"
2020-06-01,NA,NA,"Split unavailable: interior exclusion unestablished, difference unknown"
2020-07-01,NA,NA,"Split unavailable: interior exclusion unestablished, difference unknown"
2020-08-01,NA,NA,"Split unavailable: interior exclusion unestablished, difference unknown"
2020-09-01,NA,NA,"Split unavailable: interior exclusion unestablished, difference unknown"
2020-10-01,NA,NA,"Split unavailable: interior exclusion unestablished, difference unknown"
2020-11-01,NA,NA,"Split unavailable: interior exclusion unestablished, difference unknown"
2020-12-01,NA,NA,"Split unavailable: interior exclusion unestablished, difference unknown"
2021-01-01,NA,NA,"Split unavailable: interior exclusion unestablished, difference unknown"
2021-02-01,NA,NA,"Split unavailable: interior exclusion unestablished, difference unknown"
2021-03-01,NA,NA,"Split unavailable: interior exclusion unestablished, difference unknown"
2021-04-01,NA,NA,"Split unavailable: interior exclusion unestablished, difference unknown"
2021-05-01,NA,NA,"Split unavailable: interior exclusion unestablished, difference unknown"
2021-06-01,NA,NA,"Split unavailable: interior exclusion unestablished, difference unknown"
2021-07-01,NA,NA,"Split unavailable: interior exclusion unestablished, difference unknown"
2021-08-01,NA,NA,"Split unavailable: interior exclusion unestablished, difference unknown"
2021-09-01,NA,NA,"Split unavailable: interior exclusion unestablished, difference unknown"
2021-10-01,NA,NA,"Split unavailable: interior exclusion unestablished, difference unknown"
2021-11-01,NA,NA,"Split unavailable: interior exclusion unestablished, difference unknown"
2021-12-01,NA,NA,"Split unavailable: interior exclusion unestablished, difference unknown"
2022-01-01,NA,NA,"Split unavailable: interior exclusion unestablished, difference unknown"
2022-02-01,NA,NA,"Split unavailable: interior exclusion unestablished, difference unknown"
2022-03-01,NA,NA,"Split unavailable: interior exclusion unestablished, difference unknown"
2022-04-01,NA,NA,"Split unavailable: interior exclusion unestablished, difference unknown"
2022-05-01,NA,NA,"Split unavailable: interior exclusion unestablished, difference unknown"
2022-06-01,NA,NA,"Split unavailable: interior exclusion unestablished, difference unknown"
2022-07-01,NA,NA,"Split unavailable: interior exclusion unestablished, difference unknown"
2022-08-01,NA,NA,"Split unavailable: interior exclusion unestablished, difference unknown"
2022-09-01,NA,NA,"Split unavailable: interior exclusion unestablished, difference unknown"
2022-10-01,NA,NA,"Split unavailable: interior exclusion unestablished, difference unknown"
2022-11-01,NA,NA,"Split unavailable: interior exclusion unestablished, difference unknown"
2022-12-01,NA,NA,"Split unavailable: interior exclusion unestablished, difference unknown"
2023-01-01,NA,NA,"Split unavailable: interior exclusion unestablished, difference unknown"
2023-02-01,NA,NA,"Split unavailable: interior exclusion unestablished, difference unknown"
2023-03-01,NA,NA,"Split unavailable: interior exclusion unestablished, difference unknown"
2023-04-01,NA,NA,"Split unavailable: interior exclusion unestablished, difference unknown"
2023-05-01,NA,NA,"Split unavailable: interior exclusion unestablished, difference unknown"
2023-06-01,NA,NA,"Split unavailable: interior exclusion unestablished, difference unknown"
2023-07-01,NA,NA,"Split unavailable: interior exclusion unestablished, difference unknown"
2023-08-01,NA,NA,"Split unavailable: interior exclusion unestablished, difference unknown"
2023-09-01,NA,NA,"Split unavailable: interior exclusion unestablished, difference unknown"
2023-10-01,2687,186062,At Large included in original CSV total; difference quantified
2023-11-01,2439,188667,At Large included in original CSV total; difference quantified
2023-12-01,4465,245275,At Large included in original CSV total; difference quantified
2024-01-01,1869,122346,At Large included in original CSV total; difference quantified
2024-02-01,2405,138236,At Large included in original CSV total; difference quantified
2024-03-01,2429,135044,At Large included in original CSV total; difference quantified
2024-04-01,2534,126361,At Large included in original CSV total; difference quantified
2024-05-01,2039,115866,At Large included in original CSV total; difference quantified
2024-06-01,1458,82074,At Large included in original CSV total; difference quantified
2024-07-01,1114,55286,At Large included in original CSV total; difference quantified
2024-08-01,1333,56676,At Large included in original CSV total; difference quantified
2024-09-01,1291,52567,At Large included in original CSV total; difference quantified
2024-10-01,1265,55250,At Large included in original CSV total; difference quantified
2024-11-01,1095,45514,At Large included in original CSV total; difference quantified
2024-12-01,977,46343,At Large included in original CSV total; difference quantified
2025-01-01,938,28167,At Large included in original CSV total; difference quantified
2025-02-01,654,7695,At Large included in original CSV total; difference quantified
2025-03-01,830,6349,At Large included in original CSV total; difference quantified
2025-04-01,894,7482,At Large included in original CSV total; difference quantified
2025-05-01,786,7938,At Large included in original CSV total; difference quantified
2025-06-01,752,5314,At Large included in original CSV total; difference quantified
2025-07-01,782,3810,At Large included in original CSV total; difference quantified
2025-08-01,1034,5283,At Large included in original CSV total; difference quantified
2025-09-01,1260,7126,At Large included in original CSV total; difference quantified
2025-10-01,1400,6588,At Large included in original CSV total; difference quantified
2025-11-01,1359,5994,At Large included in original CSV total; difference quantified
2025-12-01,1262,5214,At Large included in original CSV total; difference quantified
2026-01-01,1105,4971,At Large included in original CSV total; difference quantified
2026-02-01,1033,5566,At Large included in original CSV total; difference quantified
2026-03-01,1165,7105,At Large included in original CSV total; difference quantified
2026-04-01,1321,7645,At Large included in original CSV total; difference quantified
2026-05-01,1408,8603,At Large included in original CSV total; difference quantified
2026-06-01,1347,8508,At Large included in original CSV total; difference quantified
2026-07-01,1231,8065,At Large included in original CSV total; difference quantified
2026-08-01,1246,7624,At Large included in original CSV total; difference quantified
