fiscal_year,month,csv_total,date,release,total,at_large,at_entry,table_source,csv_minus_table
2024,10,188778,2023-10-01,fy21-fy24-dec2023-aor.csv,188749,2687,186062,nationwide-fy2024.html,29
2024,11,191112,2023-11-01,fy21-fy24-dec2023-aor.csv,191106,2439,188667,nationwide-fy2024.html,6
2024,12,249785,2023-12-01,fy21-fy24-dec2023-aor.csv,249740,4465,245275,nationwide-fy2024.html,45
2024,1,124215,2024-01-01,fy21-fy24-aor.csv,124215,1869,122346,nationwide-fy2024.html,0
2024,2,140641,2024-02-01,fy21-fy24-aor.csv,140641,2405,138236,nationwide-fy2024.html,0
2024,3,137473,2024-03-01,fy21-fy24-aor.csv,137473,2429,135044,nationwide-fy2024.html,0
2024,4,128895,2024-04-01,fy21-fy24-aor.csv,128895,2534,126361,nationwide-fy2024.html,0
2024,5,117905,2024-05-01,fy21-fy24-aor.csv,117905,2039,115866,nationwide-fy2024.html,0
2024,6,83532,2024-06-01,fy21-fy24-aor.csv,83532,1458,82074,nationwide-fy2024.html,0
2024,7,56400,2024-07-01,fy21-fy24-aor.csv,56400,1114,55286,nationwide-fy2024.html,0
2024,8,58009,2024-08-01,fy21-fy24-aor.csv,58009,1333,56676,nationwide-fy2024.html,0
2024,9,53858,2024-09-01,fy21-fy24-aor.csv,53858,1291,52567,nationwide-fy2024.html,0
2024,10,188749,2023-10-01,fy21-fy24-aor.csv,188749,2687,186062,nationwide-fy2024.html,0
2024,11,191106,2023-11-01,fy21-fy24-aor.csv,191106,2439,188667,nationwide-fy2024.html,0
2024,12,249740,2023-12-01,fy21-fy24-aor.csv,249740,4465,245275,nationwide-fy2024.html,0
2024,1,124215,2024-01-01,fy22-fy25-aor.csv,124215,1869,122346,nationwide-fy2024.html,0
2024,2,140641,2024-02-01,fy22-fy25-aor.csv,140641,2405,138236,nationwide-fy2024.html,0
2024,3,137473,2024-03-01,fy22-fy25-aor.csv,137473,2429,135044,nationwide-fy2024.html,0
2024,4,128895,2024-04-01,fy22-fy25-aor.csv,128895,2534,126361,nationwide-fy2024.html,0
2024,5,117905,2024-05-01,fy22-fy25-aor.csv,117905,2039,115866,nationwide-fy2024.html,0
2024,6,83532,2024-06-01,fy22-fy25-aor.csv,83532,1458,82074,nationwide-fy2024.html,0
2024,7,56400,2024-07-01,fy22-fy25-aor.csv,56400,1114,55286,nationwide-fy2024.html,0
2024,8,58009,2024-08-01,fy22-fy25-aor.csv,58009,1333,56676,nationwide-fy2024.html,0
2024,9,53858,2024-09-01,fy22-fy25-aor.csv,53858,1291,52567,nationwide-fy2024.html,0
2024,10,188749,2023-10-01,fy22-fy25-aor.csv,188749,2687,186062,nationwide-fy2024.html,0
2024,11,191106,2023-11-01,fy22-fy25-aor.csv,191106,2439,188667,nationwide-fy2024.html,0
2024,12,249740,2023-12-01,fy22-fy25-aor.csv,249740,4465,245275,nationwide-fy2024.html,0
2025,1,29105,2025-01-01,fy22-fy25-aor.csv,29105,938,28167,nationwide-fy2025.html,0
2025,2,8349,2025-02-01,fy22-fy25-aor.csv,8349,654,7695,nationwide-fy2025.html,0
2025,3,7179,2025-03-01,fy22-fy25-aor.csv,7179,830,6349,nationwide-fy2025.html,0
2025,4,8376,2025-04-01,fy22-fy25-aor.csv,8376,894,7482,nationwide-fy2025.html,0
2025,5,8724,2025-05-01,fy22-fy25-aor.csv,8724,786,7938,nationwide-fy2025.html,0
2025,6,6066,2025-06-01,fy22-fy25-aor.csv,6066,752,5314,nationwide-fy2025.html,0
2025,7,4592,2025-07-01,fy22-fy25-aor.csv,4592,782,3810,nationwide-fy2025.html,0
2025,8,6317,2025-08-01,fy22-fy25-aor.csv,6317,1034,5283,nationwide-fy2025.html,0
2025,9,8386,2025-09-01,fy22-fy25-aor.csv,8386,1260,7126,nationwide-fy2025.html,0
2025,10,56515,2024-10-01,fy22-fy25-aor.csv,56515,1265,55250,nationwide-fy2025.html,0
2025,11,46609,2024-11-01,fy22-fy25-aor.csv,46609,1095,45514,nationwide-fy2025.html,0
2025,12,47320,2024-12-01,fy22-fy25-aor.csv,47320,977,46343,nationwide-fy2025.html,0
2024,1,124215,2024-01-01,latest-aor.csv,124215,1869,122346,nationwide-fy2024.html,0
2024,2,140641,2024-02-01,latest-aor.csv,140641,2405,138236,nationwide-fy2024.html,0
2024,3,137473,2024-03-01,latest-aor.csv,137473,2429,135044,nationwide-fy2024.html,0
2024,4,128895,2024-04-01,latest-aor.csv,128895,2534,126361,nationwide-fy2024.html,0
2024,5,117905,2024-05-01,latest-aor.csv,117905,2039,115866,nationwide-fy2024.html,0
2024,6,83532,2024-06-01,latest-aor.csv,83532,1458,82074,nationwide-fy2024.html,0
2024,7,56400,2024-07-01,latest-aor.csv,56400,1114,55286,nationwide-fy2024.html,0
2024,8,58009,2024-08-01,latest-aor.csv,58009,1333,56676,nationwide-fy2024.html,0
2024,9,53858,2024-09-01,latest-aor.csv,53858,1291,52567,nationwide-fy2024.html,0
2024,10,188749,2023-10-01,latest-aor.csv,188749,2687,186062,nationwide-fy2024.html,0
2024,11,191106,2023-11-01,latest-aor.csv,191106,2439,188667,nationwide-fy2024.html,0
2024,12,249740,2023-12-01,latest-aor.csv,249740,4465,245275,nationwide-fy2024.html,0
2025,1,29105,2025-01-01,latest-aor.csv,29105,938,28167,nationwide-fy2025.html,0
2025,2,8349,2025-02-01,latest-aor.csv,8349,654,7695,nationwide-fy2025.html,0
2025,3,7179,2025-03-01,latest-aor.csv,7179,830,6349,nationwide-fy2025.html,0
2025,4,8376,2025-04-01,latest-aor.csv,8376,894,7482,nationwide-fy2025.html,0
2025,5,8724,2025-05-01,latest-aor.csv,8724,786,7938,nationwide-fy2025.html,0
2025,6,6066,2025-06-01,latest-aor.csv,6066,752,5314,nationwide-fy2025.html,0
2025,7,4592,2025-07-01,latest-aor.csv,4592,782,3810,nationwide-fy2025.html,0
2025,8,6317,2025-08-01,latest-aor.csv,6317,1034,5283,nationwide-fy2025.html,0
2025,9,8386,2025-09-01,latest-aor.csv,8386,1260,7126,nationwide-fy2025.html,0
2025,10,56515,2024-10-01,latest-aor.csv,56515,1265,55250,nationwide-fy2025.html,0
2025,11,46609,2024-11-01,latest-aor.csv,46609,1095,45514,nationwide-fy2025.html,0
2025,12,47320,2024-12-01,latest-aor.csv,47320,977,46343,nationwide-fy2025.html,0
2026,1,6076,2026-01-01,latest-aor.csv,6076,1105,4971,nationwide.html,0
2026,2,6599,2026-02-01,latest-aor.csv,6599,1033,5566,nationwide.html,0
2026,3,8270,2026-03-01,latest-aor.csv,8270,1165,7105,nationwide.html,0
2026,4,8966,2026-04-01,latest-aor.csv,8966,1321,7645,nationwide.html,0
2026,5,10011,2026-05-01,latest-aor.csv,10011,1408,8603,nationwide.html,0
2026,6,9855,2026-06-01,latest-aor.csv,9855,1347,8508,nationwide.html,0
2026,7,9296,2026-07-01,latest-aor.csv,9296,1231,8065,nationwide.html,0
2026,8,8870,2026-08-01,latest-aor.csv,8870,1246,7624,nationwide.html,0
2026,10,7988,2025-10-01,latest-aor.csv,7988,1400,6588,nationwide.html,0
2026,11,7353,2025-11-01,latest-aor.csv,7353,1359,5994,nationwide.html,0
2026,12,6476,2025-12-01,latest-aor.csv,6476,1262,5214,nationwide.html,0
