date,fiscal_year,total,at_large,at_entry,table_source,days_in_month,difference,total_daily,at_entry_daily,difference_daily,at_large_share_of_total,total_excess_over_at_entry_percent,inclusion_status
2023-10-01,2024,188749,2687,186062,nationwide-fy2024.html,31,2687,6088.677419354839,6002,86.6774193548387,1.4235837011057013,1.4441422751555932,At Large inclusion confirmed; first inclusion date unknown
2023-11-01,2024,191106,2439,188667,nationwide-fy2024.html,30,2439,6370.2,6288.9,81.3,1.2762550626353961,1.2927538997280923,At Large inclusion confirmed; first inclusion date unknown
2023-12-01,2024,249740,4465,245275,nationwide-fy2024.html,31,4465,8056.129032258064,7912.096774193548,144.03225806451613,1.7878593737486987,1.8204056671083477,At Large inclusion confirmed; first inclusion date unknown
2024-01-01,2024,124215,1869,122346,nationwide-fy2024.html,31,1869,4006.935483870968,3946.6451612903224,60.29032258064516,1.5046491969568894,1.5276347408170272,At Large inclusion confirmed; first inclusion date unknown
2024-02-01,2024,140641,2405,138236,nationwide-fy2024.html,29,2405,4849.689655172414,4766.758620689655,82.93103448275862,1.7100276590752341,1.7397783500679997,At Large inclusion confirmed; first inclusion date unknown
2024-03-01,2024,137473,2429,135044,nationwide-fy2024.html,31,2429,4434.612903225807,4356.258064516129,78.35483870967742,1.7668924079637456,1.7986730250881193,At Large inclusion confirmed; first inclusion date unknown
2024-04-01,2024,128895,2534,126361,nationwide-fy2024.html,30,2534,4296.5,4212.033333333334,84.46666666666667,1.9659412700259902,2.005365579569646,At Large inclusion confirmed; first inclusion date unknown
2024-05-01,2024,117905,2039,115866,nationwide-fy2024.html,31,2039,3803.3870967741937,3737.6129032258063,65.7741935483871,1.7293583817480174,1.7597914832651511,At Large inclusion confirmed; first inclusion date unknown
2024-06-01,2024,83532,1458,82074,nationwide-fy2024.html,30,1458,2784.4,2735.8,48.6,1.7454388737250395,1.7764456466115943,At Large inclusion confirmed; first inclusion date unknown
2024-07-01,2024,56400,1114,55286,nationwide-fy2024.html,31,1114,1819.3548387096773,1783.4193548387098,35.935483870967744,1.975177304964539,2.014976666787252,At Large inclusion confirmed; first inclusion date unknown
2024-08-01,2024,58009,1333,56676,nationwide-fy2024.html,31,1333,1871.258064516129,1828.258064516129,43,2.297919288386285,2.3519655586138755,At Large inclusion confirmed; first inclusion date unknown
2024-09-01,2024,53858,1291,52567,nationwide-fy2024.html,30,1291,1795.2666666666667,1752.2333333333333,43.03333333333333,2.3970440788740763,2.455913405748854,At Large inclusion confirmed; first inclusion date unknown
2024-10-01,2025,56515,1265,55250,nationwide-fy2025.html,31,1265,1823.0645161290322,1782.258064516129,40.806451612903224,2.2383438025303017,2.2895927601809953,At Large inclusion confirmed; first inclusion date unknown
2024-11-01,2025,46609,1095,45514,nationwide-fy2025.html,30,1095,1553.6333333333334,1517.1333333333334,36.5,2.3493316741401875,2.4058531440875335,At Large inclusion confirmed; first inclusion date unknown
2024-12-01,2025,47320,977,46343,nationwide-fy2025.html,31,977,1526.4516129032259,1494.9354838709678,31.516129032258064,2.0646661031276414,2.1081932546447146,At Large inclusion confirmed; first inclusion date unknown
2025-01-01,2025,29105,938,28167,nationwide-fy2025.html,31,938,938.8709677419355,908.6129032258065,30.258064516129032,3.222813949493214,3.3301381048744987,At Large inclusion confirmed; first inclusion date unknown
2025-02-01,2025,8349,654,7695,nationwide-fy2025.html,28,654,298.17857142857144,274.82142857142856,23.357142857142858,7.833273445921667,8.499025341130604,At Large inclusion confirmed; first inclusion date unknown
2025-03-01,2025,7179,830,6349,nationwide-fy2025.html,31,830,231.58064516129033,204.80645161290323,26.774193548387096,11.561498815991085,13.072924870058277,At Large inclusion confirmed; first inclusion date unknown
2025-04-01,2025,8376,894,7482,nationwide-fy2025.html,30,894,279.2,249.4,29.8,10.673352435530086,11.948676824378508,At Large inclusion confirmed; first inclusion date unknown
2025-05-01,2025,8724,786,7938,nationwide-fy2025.html,31,786,281.4193548387097,256.06451612903226,25.35483870967742,9.009628610729024,9.901738473167045,At Large inclusion confirmed; first inclusion date unknown
2025-06-01,2025,6066,752,5314,nationwide-fy2025.html,30,752,202.2,177.13333333333333,25.066666666666666,12.396966699637323,14.151298456906286,At Large inclusion confirmed; first inclusion date unknown
2025-07-01,2025,4592,782,3810,nationwide-fy2025.html,31,782,148.1290322580645,122.90322580645162,25.225806451612904,17.029616724738677,20.5249343832021,At Large inclusion confirmed; first inclusion date unknown
2025-08-01,2025,6317,1034,5283,nationwide-fy2025.html,31,1034,203.7741935483871,170.41935483870967,33.354838709677416,16.368529365205003,19.572212757902708,At Large inclusion confirmed; first inclusion date unknown
2025-09-01,2025,8386,1260,7126,nationwide-fy2025.html,30,1260,279.53333333333336,237.53333333333333,42,15.025041736227045,17.68172888015717,At Large inclusion confirmed; first inclusion date unknown
2025-10-01,2026,7988,1400,6588,nationwide.html,31,1400,257.6774193548387,212.51612903225808,45.16129032258065,17.526289434151227,21.25075895567699,At Large inclusion confirmed; first inclusion date unknown
2025-11-01,2026,7353,1359,5994,nationwide.html,30,1359,245.1,199.8,45.3,18.482252141982865,22.67267267267267,At Large inclusion confirmed; first inclusion date unknown
2025-12-01,2026,6476,1262,5214,nationwide.html,31,1262,208.90322580645162,168.19354838709677,40.70967741935484,19.48733786287832,24.204065976217876,At Large inclusion confirmed; first inclusion date unknown
2026-01-01,2026,6076,1105,4971,nationwide.html,31,1105,196,160.3548387096774,35.645161290322584,18.186306780776828,22.228927781130558,At Large inclusion confirmed; first inclusion date unknown
2026-02-01,2026,6599,1033,5566,nationwide.html,28,1033,235.67857142857142,198.78571428571428,36.892857142857146,15.653886952568572,18.559108875314408,At Large inclusion confirmed; first inclusion date unknown
2026-03-01,2026,8270,1165,7105,nationwide.html,31,1165,266.7741935483871,229.19354838709677,37.58064516129032,14.087061668681983,16.396903589021814,At Large inclusion confirmed; first inclusion date unknown
2026-04-01,2026,8966,1321,7645,nationwide.html,30,1321,298.8666666666667,254.83333333333334,44.03333333333333,14.733437430292215,17.27926749509483,At Large inclusion confirmed; first inclusion date unknown
2026-05-01,2026,10011,1408,8603,nationwide.html,31,1408,322.93548387096774,277.51612903225805,45.41935483870968,14.064529018080112,16.366383819597814,At Large inclusion confirmed; first inclusion date unknown
2026-06-01,2026,9855,1347,8508,nationwide.html,30,1347,328.5,283.6,44.9,13.668188736681888,15.83215796897038,At Large inclusion confirmed; first inclusion date unknown
2026-07-01,2026,9296,1231,8065,nationwide.html,31,1231,299.8709677419355,260.16129032258067,39.70967741935484,13.242254733218589,15.263484190948542,At Large inclusion confirmed; first inclusion date unknown
2026-08-01,2026,8870,1246,7624,nationwide.html,31,1246,286.1290322580645,245.93548387096774,40.193548387096776,14.047350620067643,16.343126967471143,At Large inclusion confirmed; first inclusion date unknown
