file,url,coverage,retrieval_date,original_attribution,retrieval_location,md5,definitions
official-listing.html,https://www.cbp.gov/document/stats/nationwide-encounters,Listing through August 2026,2026-10-03,U.S. Customs and Border Protection,https://www.cbp.gov/document/stats/nationwide-encounters,2d456f533e3ba423385c29fff82e1bbb,See narrative methodology; filter component and geography; never sum subtotals with detail
latest-aor.csv,https://www.cbp.gov/sites/default/files/2026-09/nationwide-encounters-fy23-fy26-aug-aor_0.csv,FY2023-FY2026 through August,2026-10-03,U.S. Customs and Border Protection,https://www.cbp.gov/sites/default/files/2026-09/nationwide-encounters-fy23-fy26-aug-aor_0.csv,bc75107bac6f96145bc855f53fda5746,USBP southwest FY2026 includes At Large; do not join as border-only
fy22-fy25-aor.csv,https://www.cbp.gov/sites/default/files/2025-11/nationwide-encounters-fy22-fy25-aor.csv,FY2022-FY2025,2026-10-03,U.S. Customs and Border Protection,https://www.cbp.gov/sites/default/files/2025-11/nationwide-encounters-fy22-fy25-aor.csv,19b0505f266a73d5073106e677cf8867,See narrative methodology; filter component and geography; never sum subtotals with detail
fy21-fy24-aor.csv,https://www.cbp.gov/sites/default/files/2024-10/nationwide-encounters-fy21-fy24-aor.csv,FY2021-FY2024,2026-10-03,U.S. Customs and Border Protection,https://www.cbp.gov/sites/default/files/2024-10/nationwide-encounters-fy21-fy24-aor.csv,3da4bd9dee141ba845648f46c6c0d95e,See narrative methodology; filter component and geography; never sum subtotals with detail
fy20-fy23-aor.csv,https://www.cbp.gov/sites/default/files/assets/documents/2023-Nov/nationwide-encounters-fy20-fy23-aor.csv,FY2020-FY2023,2026-10-03,U.S. Customs and Border Protection,https://www.cbp.gov/sites/default/files/assets/documents/2023-Nov/nationwide-encounters-fy20-fy23-aor.csv,09267fcc6264b289bb8a3238d5088274,See narrative methodology; filter component and geography; never sum subtotals with detail
nationwide.html,https://www.cbp.gov/newsroom/stats/nationwide-encounters,FY2026 October-August; definitions,2026-10-03,U.S. Customs and Border Protection,https://www.cbp.gov/newsroom/stats/nationwide-encounters,65bd342a93c33e57d155f1216a3ac8fe,See narrative methodology; filter component and geography; never sum subtotals with detail
fy2017.html,https://www.cbp.gov/newsroom/stats/sw-border-migration-fy2017,FY2017,2026-10-03,U.S. Customs and Border Protection,https://www.cbp.gov/newsroom/stats/sw-border-migration-fy2017,38611ef42e9b93e0fca3246688b05ad6,See narrative methodology; filter component and geography; never sum subtotals with detail
fy2018.html,https://www.cbp.gov/newsroom/stats/sw-border-migration/fy-2018,FY2018,2026-10-03,U.S. Customs and Border Protection,https://www.cbp.gov/newsroom/stats/sw-border-migration/fy-2018,d95d3d04715d034f64d626ef40f41acf,See narrative methodology; filter component and geography; never sum subtotals with detail
fy2019.html,https://www.cbp.gov/newsroom/stats/sw-border-migration/fy-2019,FY2019,2026-10-03,U.S. Customs and Border Protection,https://www.cbp.gov/newsroom/stats/sw-border-migration/fy-2019,d8be5cdbba502de51112aae8a3e61d83,See narrative methodology; filter component and geography; never sum subtotals with detail
fy2020.html,https://www.cbp.gov/newsroom/stats/sw-border-migration-fy2020,FY2020,2026-10-03,U.S. Customs and Border Protection,https://www.cbp.gov/newsroom/stats/sw-border-migration-fy2020,7c97fb616b77068603ac43312a42803b,See narrative methodology; filter component and geography; never sum subtotals with detail
fy2018-monthly.pdf,https://www.cbp.gov/sites/default/files/assets/documents/2019-Mar/bp-total-monthly-apps-sector-area-fy2018.pdf,FY2000-FY2018,2026-10-03,U.S. Customs and Border Protection,https://www.cbp.gov/sites/default/files/assets/documents/2019-Mar/bp-total-monthly-apps-sector-area-fy2018.pdf,0432a94c0da4ac407d930cc491118ea9,See narrative methodology; filter component and geography; never sum subtotals with detail
data-dictionary.pdf,https://www.cbp.gov/sites/default/files/assets/documents/2023-Sep/nationwide-encounters-data-dictionary.pdf,Dictionary September 2023,2026-10-03,U.S. Customs and Border Protection,https://www.cbp.gov/sites/default/files/assets/documents/2023-Sep/nationwide-encounters-data-dictionary.pdf,f8fb1ed22790ab3bfc48be7b04036533,See narrative methodology; filter component and geography; never sum subtotals with detail
cbp_resp.csv,https://raw.githubusercontent.com/rfordatascience/tidytuesday/main/data/2024/2024-11-26/cbp_resp.csv,FY2020-FY2024 combined mirror,2026-10-03,U.S. Customs and Border Protection,https://raw.githubusercontent.com/rfordatascience/tidytuesday/main/data/2024/2024-11-26/cbp_resp.csv,464e117bff584cd07f22fb362b59ac88,"Mirror bind_rows + unique is not release precedence; audit only, not analytical input"
tidytuesday-readme.md,https://raw.githubusercontent.com/rfordatascience/tidytuesday/main/data/2024/2024-11-26/readme.md,Mirror provenance and cleaning code,2026-10-03,U.S. Customs and Border Protection,https://raw.githubusercontent.com/rfordatascience/tidytuesday/main/data/2024/2024-11-26/readme.md,c2f022bb573c5c96d28630697fba6c65,See narrative methodology; filter component and geography; never sum subtotals with detail
southwest.html,https://www.cbp.gov/newsroom/stats/southwest-land-border-encounters,Dashboard; no static tables,2026-10-03,U.S. Customs and Border Protection,https://www.cbp.gov/newsroom/stats/southwest-land-border-encounters,ee913e777a88852d2db3142998eb5715,See narrative methodology; filter component and geography; never sum subtotals with detail
nationwide-fy2024.html,https://www.cbp.gov/newsroom/stats/nationwide-encounters-fy2024,FY2024 complete monthly total/entry/large split,2026-10-04,U.S. Customs and Border Protection,https://www.cbp.gov/newsroom/stats/nationwide-encounters-fy2024,5f3a34e7637ec41a852e354363f3500d,Historical scope audit; earliest confirmed split October 2023; not a proven inclusion start date
nationwide-fy2025.html,https://www.cbp.gov/newsroom/stats/nationwide-encounters-fy2025,FY2025 complete monthly total/entry/large split,2026-10-04,U.S. Customs and Border Protection,https://www.cbp.gov/newsroom/stats/nationwide-encounters-fy2025,b6cba1759e9fee572ddbf38fd06126ee,Historical scope audit; earliest confirmed split October 2023; not a proven inclusion start date
fy21-fy24-dec2023-aor.csv,https://www.cbp.gov/sites/default/files/assets/documents/2024-Jan/nationwide-encounters-fy21-fy24-dec-aor.csv,FY2021-FY2024 through December 2023; early release audit only,2026-10-04,U.S. Customs and Border Protection,https://www.cbp.gov/sites/default/files/assets/documents/2024-Jan/nationwide-encounters-fy21-fy24-dec-aor.csv,04c4e3f877ad44205259a8cb035c6041,Historical scope audit; earliest confirmed split October 2023; not a proven inclusion start date
ohss-dictionary-listing.html,https://ohss.dhs.gov/about-our-data/governance/data-dictionaries/key-homeland-security-metrics-cbp-encounters,KHSM dictionary listing May 2026,2026-10-04,DHS Office of Homeland Security Statistics,https://ohss.dhs.gov/about-our-data/governance/data-dictionaries/key-homeland-security-metrics-cbp-encounters,a80af42930cd8a810bedb001108492de,Separate KHSM product; not evidence of a CBP portal counting-rule change
ohss-cbp-dictionary.xlsx,https://ohss.dhs.gov/system/files/2026-05/Data-Dictionary-KHSM-CBP-Encounters.xlsx,"KHSM dictionary May 2026; separate report, not the CBP portal schema",2026-10-04,DHS Office of Homeland Security Statistics,https://ohss.dhs.gov/system/files/2026-05/Data-Dictionary-KHSM-CBP-Encounters.xlsx,d639b663227d58bcf891870e16a9e45b,Separate KHSM product; not evidence of a CBP portal counting-rule change
official-listing-2026-10-04.html,https://www.cbp.gov/document/stats/nationwide-encounters,Fresh verification: latest AOR remains August 2026,2026-10-04,U.S. Customs and Border Protection,https://www.cbp.gov/document/stats/nationwide-encounters,6f5512dabc83266379fba2e0732a3128,Latest availability check only; original snapshots preserved
